id,voltage,current,power,timestamp
1,118.3,24,2.84,2025-11-24T04:25:59.561Z
2,116.99,24,2.81,2025-11-24T04:26:05.595Z
3,118.23,24,2.84,2025-11-24T04:26:11.439Z
4,115.45,24,2.77,2025-11-24T04:26:17.166Z
5,121.29,24,2.91,2025-11-24T04:26:25.870Z
6,122.93,24,2.95,2025-11-24T04:26:31.706Z
7,123.79,24,2.97,2025-11-24T04:26:37.441Z
8,116.81,24,2.8,2025-11-24T04:26:43.035Z
9,116.38,24,2.79,2025-11-24T04:26:48.545Z
10,120.97,24,2.9,2025-11-24T04:26:54.540Z
11,117.41,24,2.82,2025-11-24T04:27:00.371Z
12,116.65,24,2.8,2025-11-24T04:27:06.512Z
13,119.51,24,2.87,2025-11-24T04:27:12.259Z
14,120.9,24,2.9,2025-11-24T04:27:18.092Z
15,123.22,24,2.96,2025-11-24T04:27:23.931Z
16,124.08,24,2.98,2025-11-24T04:27:29.767Z
17,122.54,24,2.94,2025-11-24T04:27:35.809Z
18,118.67,24,2.85,2025-11-24T04:27:41.841Z
19,115.64,24,2.78,2025-11-24T04:27:48.191Z
20,120.34,24,2.89,2025-11-24T04:27:54.129Z
21,118.9,24,2.85,2025-11-24T04:28:00.895Z
22,122.17,24,2.93,2025-11-24T04:28:06.730Z
23,119.9,24,2.88,2025-11-24T04:28:13.188Z
24,117.52,24,2.82,2025-11-24T04:28:18.824Z
25,115.99,24,2.78,2025-11-24T04:28:25.059Z
26,124.1,24,2.98,2025-11-24T04:28:30.896Z
27,115.28,24,2.77,2025-11-24T04:28:39.922Z
28,120.49,24,2.89,2025-11-24T04:28:45.955Z
29,115.64,24,2.78,2025-11-24T04:28:51.900Z
30,120.98,24,2.9,2025-11-24T04:28:57.630Z
31,117.35,24,2.82,2025-11-24T04:29:03.564Z
32,122.19,24,2.93,2025-11-24T04:29:09.714Z
33,122.13,24,2.93,2025-11-24T04:29:15.546Z
34,116.45,24,2.79,2025-11-24T04:29:21.487Z
35,122.22,24,2.93,2025-11-24T04:29:27.538Z
36,124.5,24,2.99,2025-11-24T04:29:33.576Z
37,123.57,24,2.97,2025-11-24T04:29:39.713Z
38,117.23,24,2.81,2025-11-24T04:29:45.549Z
39,120.89,24,2.9,2025-11-24T04:29:51.589Z
40,119.93,24,2.88,2025-11-24T04:29:57.327Z
41,118.14,24,2.84,2025-11-24T04:30:03.057Z
42,124.91,24,3,2025-11-24T04:30:08.887Z
43,121.69,24,2.92,2025-11-24T04:30:14.631Z
44,121.18,24,2.91,2025-11-24T04:30:20.867Z
45,124.34,24,2.98,2025-11-24T04:30:26.704Z
46,117.31,24,2.82,2025-11-24T04:30:32.848Z
47,122.47,24,2.94,2025-11-24T04:30:38.685Z
48,117.39,24,2.82,2025-11-24T04:30:44.831Z
49,118.22,24,2.84,2025-11-24T04:30:51.076Z
50,119.42,24,2.87,2025-11-24T04:30:56.913Z
51,119.84,24,2.88,2025-11-24T04:31:02.554Z
52,115.21,24,2.77,2025-11-24T04:31:08.279Z
53,122.17,24,2.93,2025-11-24T04:31:14.126Z
54,122.98,24,2.95,2025-11-24T04:31:19.709Z
55,121.26,24,2.91,2025-11-24T04:31:25.697Z
56,121.83,24,2.92,2025-11-24T04:31:31.535Z
57,123.58,24,2.97,2025-11-24T04:31:37.482Z
58,116.27,24,2.79,2025-11-24T04:31:42.974Z
59,119.95,24,2.88,2025-11-24T04:31:48.551Z
60,124.64,24,2.99,2025-11-24T04:31:54.180Z
61,115.28,24,2.77,2025-11-24T04:31:59.704Z
62,122.2,24,2.93,2025-11-24T04:32:05.227Z
63,119.04,24,2.86,2025-11-24T04:32:11.069Z
64,115.3,24,2.77,2025-11-24T04:32:16.607Z
65,119.59,24,2.87,2025-11-24T04:32:22.226Z
66,124.6,24,2.99,2025-11-24T04:32:27.754Z
67,119.93,24,2.88,2025-11-24T04:32:33.393Z
68,119.05,24,2.86,2025-11-24T04:32:39.024Z
69,120.18,24,2.88,2025-11-24T04:32:44.956Z
70,124.16,24,2.98,2025-11-24T04:32:51.098Z
71,122.03,24,2.93,2025-11-25T17:43:20.832Z
72,116.77,24,2.8,2025-11-25T17:43:28.059Z
73,116.66,24,2.8,2025-11-25T17:43:33.588Z
74,121.46,24,2.92,2025-11-25T17:43:39.221Z
75,122,24,2.93,2025-11-25T17:43:44.764Z
76,120.77,24,2.9,2025-11-25T17:43:50.383Z
77,120.8,24,2.9,2025-11-25T17:43:55.868Z
78,115.22,24,2.77,2025-11-25T17:44:01.446Z
79,117.38,24,2.82,2025-11-25T17:44:06.946Z
80,117.85,24,2.83,2025-11-25T17:44:12.604Z
81,124.86,24,3,2025-11-25T17:44:18.133Z
82,117.11,24,2.81,2025-11-25T17:44:23.618Z
83,118.6,24,2.85,2025-11-25T17:44:29.300Z
84,121.45,24,2.91,2025-11-25T17:44:34.831Z
85,124.35,24,2.98,2025-11-25T17:44:40.314Z
86,124.22,24,2.98,2025-11-25T17:44:45.992Z
87,124.09,24,2.98,2025-11-25T17:44:51.480Z
88,119.55,24,2.87,2025-11-25T17:44:57.097Z
89,116.17,24,2.79,2025-11-25T17:45:02.571Z
90,115.32,24,2.77,2025-11-25T17:45:08.048Z
91,117.68,24,2.82,2025-11-25T17:45:13.641Z
92,123.62,24,2.97,2025-11-25T17:45:19.135Z
93,118.89,24,2.85,2025-11-25T17:45:24.706Z
94,118.6,24,2.85,2025-11-25T17:45:30.196Z
95,118.37,24,2.84,2025-11-25T17:45:35.764Z
96,116.33,24,2.79,2025-11-25T17:45:41.253Z
97,120.67,24,2.9,2025-11-25T17:45:46.749Z
98,123.9,24,2.97,2025-11-25T17:45:52.233Z
99,123.26,24,2.96,2025-11-25T17:45:57.725Z
100,123.29,24,2.96,2025-11-25T17:46:03.310Z
101,121.91,24,2.93,2025-11-25T17:46:08.853Z
102,124.47,24,2.99,2025-11-25T17:46:14.472Z
103,120.71,24,2.9,2025-11-25T17:46:20.002Z
104,123.49,24,2.96,2025-11-25T17:46:25.484Z
105,115.86,24,2.78,2025-11-25T17:46:31.158Z
106,117.14,24,2.81,2025-11-25T17:46:36.804Z
107,119.06,24,2.86,2025-11-25T17:46:42.422Z
108,116.4,24,2.79,2025-11-25T17:46:47.937Z
109,117.09,24,2.81,2025-11-25T17:46:53.432Z
110,124.94,24,3,2025-11-25T17:46:58.939Z
111,124.67,24,2.99,2025-11-25T17:47:04.486Z
112,116.91,24,2.81,2025-11-25T17:47:10.173Z
113,121.18,24,2.91,2025-11-25T17:47:15.657Z
114,117.29,24,2.81,2025-11-25T17:47:21.233Z
115,123.32,24,2.96,2025-11-25T17:47:26.714Z
116,122.59,24,2.94,2025-11-25T17:47:32.287Z
117,118.42,24,2.84,2025-11-25T17:47:37.780Z
118,124.41,24,2.99,2025-11-25T17:47:43.293Z
119,121.15,24,2.91,2025-11-25T17:47:48.876Z
120,116.36,24,2.79,2025-11-25T17:47:54.405Z
121,122.13,24,2.93,2025-11-25T17:48:00.037Z
122,117.23,24,2.81,2025-11-25T17:48:05.529Z
123,124.38,24,2.99,2025-11-25T17:48:11.013Z
124,119.9,24,2.88,2025-11-25T17:48:16.652Z
125,119.37,24,2.86,2025-11-25T17:48:22.151Z
126,121.46,24,2.92,2025-11-25T17:48:27.695Z
127,121.45,24,2.91,2025-11-25T17:48:33.244Z
128,119.08,24,2.86,2025-11-25T17:48:38.862Z
129,122.93,24,2.95,2025-11-25T17:48:44.351Z
130,115.13,24,2.76,2025-11-25T17:48:49.847Z
131,121.86,24,2.92,2025-11-25T17:48:55.447Z
132,115.44,24,2.77,2025-11-25T17:49:00.976Z
133,121.3,24,2.91,2025-11-25T17:49:06.506Z
134,118.39,24,2.84,2025-11-25T17:49:12.036Z
135,120.52,24,2.89,2025-11-25T17:49:17.565Z
136,115.25,24,2.77,2025-11-25T17:49:23.054Z
137,121.07,24,2.91,2025-11-25T17:49:29.243Z
138,121.65,24,2.92,2025-11-25T17:49:34.976Z
139,118.64,24,2.85,2025-11-25T17:49:40.463Z
140,123.09,24,2.95,2025-11-25T17:51:32.736Z
141,118.94,24,2.85,2025-11-25T17:51:32.743Z
142,118.42,24,2.84,2025-11-25T17:51:32.744Z
143,115.55,24,2.77,2025-11-25T17:51:32.786Z
144,120.61,24,2.89,2025-11-25T17:51:32.790Z
145,118.58,24,2.85,2025-11-25T17:51:32.738Z
146,124.32,24,2.98,2025-11-25T17:51:32.739Z
147,120.64,24,2.9,2025-11-25T17:51:32.737Z
148,119.69,24,2.87,2025-11-25T17:51:32.833Z
149,118.6,24,2.85,2025-11-25T17:51:34.282Z
150,124.89,24,3,2025-11-25T17:51:36.205Z
151,116.5,24,2.8,2025-11-25T17:51:39.802Z
152,120.5,24,2.89,2025-11-25T17:51:45.313Z
153,118.67,24,2.85,2025-11-25T17:51:50.861Z
154,116.24,24,2.79,2025-11-25T17:51:56.343Z
155,116.64,24,2.8,2025-11-25T17:52:01.921Z
156,119.33,24,2.86,2025-11-25T17:52:07.450Z
157,122.41,24,2.94,2025-11-25T17:52:12.935Z
158,122.34,24,2.94,2025-11-25T17:52:18.416Z
159,117.55,24,2.82,2025-11-25T17:52:23.936Z
160,124.58,24,2.99,2025-11-25T17:52:29.487Z
161,117.49,24,2.82,2025-11-25T17:52:35.099Z
162,123.91,24,2.97,2025-11-25T17:52:40.593Z
163,119.65,24,2.87,2025-11-25T17:52:46.157Z
164,118.49,24,2.84,2025-11-25T17:52:51.687Z
165,120.53,24,2.89,2025-11-25T17:52:57.167Z
166,121.82,24,2.92,2025-11-25T17:53:02.762Z
167,123.55,24,2.97,2025-11-25T17:53:08.379Z
168,119.16,24,2.86,2025-11-25T17:53:13.905Z
169,116.55,24,2.8,2025-11-25T17:53:19.421Z
170,124.35,24,2.98,2025-11-25T17:53:24.968Z
171,124.95,24,3,2025-11-25T17:53:30.497Z
172,120.98,24,2.9,2025-11-25T17:53:35.980Z
173,117.18,24,2.81,2025-11-25T17:53:41.584Z
174,124.96,24,3,2025-11-25T17:53:47.070Z
175,121.48,24,2.92,2025-11-25T17:53:52.660Z
176,117.48,24,2.82,2025-11-25T17:53:58.156Z
177,122.29,24,2.93,2025-11-25T17:54:03.772Z
178,123.19,24,2.96,2025-11-25T17:54:09.302Z
179,115.59,24,2.77,2025-11-25T17:54:14.878Z
180,121.91,24,2.93,2025-11-25T17:54:20.463Z
181,121.4,24,2.91,2025-11-25T17:54:26.007Z
182,122.49,24,2.94,2025-11-25T17:54:31.501Z
183,122.89,24,2.95,2025-11-25T17:54:37.200Z
184,116.7,24,2.8,2025-11-25T17:54:42.707Z
185,117.23,24,2.81,2025-11-25T17:54:48.249Z
186,115.6,24,2.77,2025-11-25T17:54:53.955Z
187,121.69,24,2.92,2025-11-25T17:54:59.437Z
188,121.87,24,2.92,2025-11-25T17:55:05.014Z
189,119.58,24,2.87,2025-11-25T17:55:10.543Z
190,120.26,24,2.89,2025-11-25T17:55:16.034Z
191,119.65,24,2.87,2025-11-25T17:55:21.603Z
192,117.61,24,2.82,2025-11-25T17:55:27.235Z
193,117.89,24,2.83,2025-11-25T17:55:32.764Z
194,123.41,24,2.96,2025-11-25T17:55:38.430Z
195,121.85,24,2.92,2025-11-25T17:55:44.031Z
196,117.21,24,2.81,2025-11-25T17:55:49.661Z
197,116.28,24,2.79,2025-11-25T17:55:55.293Z
198,121.53,24,2.92,2025-11-25T17:56:00.789Z
199,122.66,24,2.94,2025-11-25T17:56:06.338Z
200,124.92,24,3,2025-11-25T17:56:11.984Z
201,124.92,24,3,2025-11-25T17:56:17.515Z
202,120.02,24,2.88,2025-11-25T17:56:23.048Z
203,121.59,24,2.92,2025-11-25T17:56:28.574Z
204,119.54,24,2.87,2025-11-25T17:56:34.103Z
205,119.31,24,2.86,2025-11-25T17:56:39.634Z
206,119.51,24,2.87,2025-11-25T17:56:45.162Z
207,120.82,24,2.9,2025-11-25T17:56:50.706Z
208,121.01,24,2.9,2025-11-25T17:56:56.326Z
209,122.56,24,2.94,2025-11-25T17:57:01.860Z
210,117.71,24,2.83,2025-11-25T17:57:07.384Z
211,122.76,24,2.95,2025-11-25T17:57:12.876Z
212,115.98,24,2.78,2025-11-25T17:57:18.447Z
213,120.09,24,2.88,2025-11-25T17:57:23.939Z
214,122.41,24,2.94,2025-11-25T17:57:29.503Z
215,121.73,24,2.92,2025-11-25T17:57:35.065Z
216,122.79,24,2.95,2025-11-25T17:57:40.677Z
217,124.44,24,2.99,2025-11-25T17:57:46.193Z
218,122.91,24,2.95,2025-11-25T17:57:51.764Z
219,119.89,24,2.88,2025-11-25T17:57:57.375Z
220,122.56,24,2.94,2025-11-25T17:58:02.898Z
221,121.16,24,2.91,2025-11-25T17:58:08.388Z
222,117.43,24,2.82,2025-11-25T17:58:13.958Z
223,116.41,24,2.79,2025-11-25T17:58:19.444Z
224,117.48,24,2.82,2025-11-25T17:58:25.003Z
225,115.16,24,2.76,2025-11-25T17:58:30.553Z
226,121.68,24,2.92,2025-11-25T17:58:36.045Z
227,117.72,24,2.83,2025-11-25T17:58:41.642Z
228,122.94,24,2.95,2025-11-25T17:58:47.216Z
229,116.12,24,2.79,2025-11-25T17:58:52.698Z
230,124.34,24,2.98,2025-11-25T17:58:58.682Z
231,121.92,24,2.93,2025-11-25T17:59:04.192Z
232,119.05,24,2.86,2025-11-25T17:59:09.690Z
233,124.02,24,2.98,2025-11-25T17:59:15.272Z
234,123.69,24,2.97,2025-11-25T17:59:20.758Z
235,121.98,24,2.93,2025-11-25T17:59:26.332Z
236,115.71,24,2.78,2025-11-25T17:59:31.861Z
237,124.45,24,2.99,2025-11-25T17:59:37.371Z
238,116.54,24,2.8,2025-11-25T17:59:42.976Z
239,116.46,24,2.8,2025-11-25T17:59:48.661Z
240,119.4,24,2.87,2025-11-25T17:59:54.190Z
241,119.14,24,2.86,2025-11-25T17:59:59.753Z
242,118.07,24,2.83,2025-11-25T18:00:05.259Z
243,117.16,24,2.81,2025-11-25T18:00:10.778Z
244,122.11,24,2.93,2025-11-25T18:00:16.311Z
245,119.74,24,2.87,2025-11-25T18:00:21.837Z
246,121.07,24,2.91,2025-11-25T18:00:27.470Z
247,119.35,24,2.86,2025-11-25T18:00:32.961Z
248,120.78,24,2.9,2025-11-25T18:00:38.561Z
249,119.64,24,2.87,2025-11-25T18:00:44.167Z
250,122.83,24,2.95,2025-11-25T18:00:49.704Z
251,118.81,24,2.85,2025-11-25T18:00:55.227Z
252,116.37,24,2.79,2025-11-25T18:01:00.755Z
253,115.26,24,2.77,2025-11-25T18:01:06.285Z
254,117.25,24,2.81,2025-11-25T18:01:11.784Z
255,124.67,24,2.99,2025-11-25T18:01:17.346Z
256,122.17,24,2.93,2025-11-25T18:01:23.092Z
257,124.09,24,2.98,2025-11-25T18:01:28.624Z
258,116.87,24,2.8,2025-11-25T18:01:34.138Z
259,119.23,24,2.86,2025-11-25T18:01:39.628Z
260,121.49,24,2.92,2025-11-25T18:01:45.189Z
261,117.41,24,2.82,2025-11-25T18:01:50.718Z
262,123.46,24,2.96,2025-11-25T18:01:56.248Z
263,120.02,24,2.88,2025-11-25T18:02:02.091Z
264,118.7,24,2.85,2025-11-25T18:02:07.613Z
265,118.92,24,2.85,2025-11-25T18:02:13.107Z
266,116.04,24,2.78,2025-11-25T18:02:18.673Z
267,117.83,24,2.83,2025-11-25T18:02:24.327Z
268,118.26,24,2.84,2025-11-25T18:02:29.937Z
269,116.21,24,2.79,2025-11-25T18:02:35.430Z
270,121.04,24,2.9,2025-11-25T18:02:40.997Z
271,115.9,24,2.78,2025-11-25T18:02:46.537Z
272,117.8,24,2.83,2025-11-25T18:02:52.169Z
273,115.67,24,2.78,2025-11-25T18:02:57.654Z
274,118.95,24,2.85,2025-11-25T18:03:03.227Z
275,121.6,24,2.92,2025-11-25T18:03:08.757Z
276,122.7,24,2.94,2025-11-25T18:03:14.251Z
277,116.49,24,2.8,2025-11-25T18:03:19.737Z
278,120.62,24,2.89,2025-11-25T18:03:25.245Z
279,119.77,24,2.87,2025-11-25T18:03:30.783Z
280,119.02,24,2.86,2025-11-25T18:03:36.406Z
281,122.66,24,2.94,2025-11-25T18:03:42.140Z
282,121,24,2.9,2025-11-25T18:03:47.761Z
283,120.64,24,2.9,2025-11-25T18:03:53.314Z
284,121.75,24,2.92,2025-11-25T18:03:58.835Z
285,119.96,24,2.88,2025-11-25T18:04:04.351Z
286,124.96,24,3,2025-11-25T18:04:09.838Z
287,121.69,24,2.92,2025-11-25T18:04:15.406Z
288,121.69,24,2.92,2025-11-25T18:04:20.938Z
289,115.78,24,2.78,2025-11-25T18:04:26.425Z
290,117.31,24,2.82,2025-11-25T18:04:32.097Z
291,124.42,24,2.99,2025-11-25T18:04:37.627Z
292,121.64,24,2.92,2025-11-25T18:04:43.157Z
293,123.61,24,2.97,2025-11-25T18:04:48.700Z
294,120.12,24,2.88,2025-11-25T18:04:54.333Z
295,116.61,24,2.8,2025-11-25T18:04:59.971Z
296,116.3,24,2.79,2025-11-25T18:05:05.607Z
297,123.8,24,2.97,2025-11-25T18:05:11.434Z
298,117.46,24,2.82,2025-11-25T18:05:16.926Z
299,116.92,24,2.81,2025-11-25T18:05:22.494Z
300,118.36,24,2.84,2025-11-25T18:05:28.025Z
301,122.57,24,2.94,2025-11-25T18:05:33.656Z
302,118.38,24,2.84,2025-11-25T18:05:39.139Z
303,123.27,24,2.96,2025-11-25T18:05:44.714Z
304,120.48,24,2.89,2025-11-25T18:05:50.244Z
305,116.33,24,2.79,2025-11-25T18:05:55.774Z
306,124.91,24,3,2025-11-25T18:06:01.255Z
307,122.4,24,2.94,2025-11-25T18:06:06.843Z
308,116.97,24,2.81,2025-11-25T18:06:12.362Z
309,115.55,24,2.77,2025-11-25T18:06:18.032Z
310,121.04,24,2.9,2025-11-25T18:06:23.627Z
311,123.69,24,2.97,2025-11-25T18:06:29.119Z
312,119.82,24,2.88,2025-11-25T18:06:34.686Z
313,120.76,24,2.9,2025-11-25T18:06:40.173Z
314,118.45,24,2.84,2025-11-25T18:06:45.657Z
315,116.65,24,2.8,2025-11-25T18:06:51.167Z
316,119.33,24,2.86,2025-11-25T18:06:56.696Z
317,118.07,24,2.83,2025-11-25T18:07:02.232Z
318,121.46,24,2.92,2025-11-25T18:07:07.755Z
319,122.12,24,2.93,2025-11-25T18:07:13.308Z
320,122.73,24,2.95,2025-11-25T18:07:18.802Z
321,121.13,24,2.91,2025-11-25T18:07:24.288Z
322,117.97,24,2.83,2025-11-25T18:07:29.788Z
323,121.53,24,2.92,2025-11-25T18:07:35.277Z
324,124.96,24,3,2025-11-25T18:07:40.830Z
325,119.53,24,2.87,2025-11-25T18:07:46.360Z
326,123.28,24,2.96,2025-11-25T18:07:51.893Z
327,123.59,24,2.97,2025-11-25T18:07:57.379Z
328,124.91,24,3,2025-11-25T18:08:02.952Z
329,120.31,24,2.89,2025-11-25T18:08:08.452Z
330,122.83,24,2.95,2025-11-25T18:08:13.933Z
331,119.3,24,2.86,2025-11-25T18:08:19.408Z
332,122.34,24,2.94,2025-11-25T18:08:24.969Z
333,117.59,24,2.82,2025-11-25T18:08:30.626Z
334,115.32,24,2.77,2025-11-25T18:08:36.132Z
335,117.77,24,2.83,2025-11-25T18:08:41.661Z
336,122.83,24,2.95,2025-11-25T18:08:47.153Z
337,115.4,24,2.77,2025-11-25T18:08:52.663Z
338,121.14,24,2.91,2025-11-25T18:08:58.268Z
339,115.04,24,2.76,2025-11-25T18:09:03.777Z
340,123.78,24,2.97,2025-11-25T18:09:09.409Z
341,124.59,24,2.99,2025-11-25T18:09:14.938Z
342,122.65,24,2.94,2025-11-25T18:09:20.473Z
343,120.05,24,2.88,2025-11-25T18:09:25.987Z
344,120.5,24,2.89,2025-11-25T18:09:31.473Z
345,116.36,24,2.79,2025-11-25T18:09:37.167Z
346,119.36,24,2.86,2025-11-25T18:09:42.658Z
347,120.83,24,2.9,2025-11-25T18:09:48.246Z
348,120.53,24,2.89,2025-11-25T18:09:53.754Z
349,122.32,24,2.94,2025-11-25T18:09:59.318Z
350,122.23,24,2.93,2025-11-25T18:10:04.915Z
351,115.62,24,2.77,2025-11-25T18:10:10.403Z
352,115.26,24,2.77,2025-11-25T18:10:15.974Z
353,124.95,24,3,2025-11-25T18:10:21.504Z
354,118.36,0,0,2025-12-02T17:42:28.454Z
355,118.13,0,0,2025-12-02T17:42:34.257Z
356,124.61,0,0,2025-12-02T17:42:39.824Z
357,119.2,0,0,2025-12-02T17:42:45.456Z
358,122.4,0,0,2025-12-02T17:42:50.998Z
359,124.39,0,0,2025-12-02T17:42:56.660Z
360,124.04,0,0,2025-12-02T17:43:02.162Z
361,123.43,0,0,2025-12-02T17:43:07.786Z
362,118.99,0,0,2025-12-02T17:43:13.404Z
363,122.74,0,0,2025-12-02T17:43:19.036Z
364,115.59,0,0,2025-12-02T17:43:24.668Z
365,120.62,0,0,2025-12-02T17:43:30.203Z
366,116.26,0,0,2025-12-02T17:43:35.847Z
367,115.05,0,0,2025-12-02T17:43:41.334Z
368,117.73,0,0,2025-12-02T17:43:46.826Z
369,119.67,0,0,2025-12-02T17:43:52.344Z
370,120.02,0,0,2025-12-02T17:43:58.057Z
371,124.29,0,0,2025-12-02T17:44:03.586Z
372,116.54,0,0,2025-12-02T17:44:09.217Z
373,121.89,0,0,2025-12-02T17:44:14.849Z
374,123.8,0,0,2025-12-02T17:44:20.378Z
375,118.74,0,0,2025-12-02T17:44:25.909Z
376,123.07,0,0,2025-12-02T17:44:31.414Z
377,121.97,0,0,2025-12-02T17:44:36.924Z
378,121.86,0,0,2025-12-02T17:44:42.536Z
379,121.61,0,0,2025-12-02T17:44:48.150Z
380,124.86,0,0,2025-12-02T17:44:53.635Z
381,117.22,0,0,2025-12-02T17:44:59.123Z
382,120.42,0,0,2025-12-02T17:45:04.723Z
383,122.57,0,0,2025-12-02T17:45:10.355Z
384,115.74,0,0,2025-12-02T17:45:15.904Z
385,116.51,0,0,2025-12-02T17:45:21.516Z
386,122.67,0,0,2025-12-02T17:45:27.060Z
387,120.28,0,0,2025-12-02T17:45:32.545Z
388,122.25,0,0,2025-12-02T17:45:38.099Z
389,121.48,0,0,2025-12-02T17:45:43.611Z
390,121.41,0,0,2025-12-02T17:45:49.158Z
391,121.69,0,0,2025-12-02T17:45:54.690Z
392,117.3,0,0,2025-12-02T17:46:00.206Z
393,124.01,0,0,2025-12-02T17:46:05.832Z
394,115.02,0,0,2025-12-02T17:46:11.332Z
395,117.04,0,0,2025-12-02T17:46:16.840Z
396,118.21,0,0,2025-12-02T17:46:22.439Z
397,116.96,0,0,2025-12-02T17:46:28.070Z
398,118.98,0,0,2025-12-02T17:46:33.636Z
399,123.32,0,0,2025-12-02T17:46:39.341Z
400,117.36,0,0,2025-12-02T17:46:44.848Z
401,119.63,0,0,2025-12-02T17:46:50.468Z
402,118.7,0,0,2025-12-02T17:46:55.995Z
403,116.7,0,0,2025-12-02T17:47:01.497Z
404,117.95,0,0,2025-12-02T17:47:07.091Z
405,116.8,0,0,2025-12-02T17:47:12.790Z
406,119.18,0,0,2025-12-02T17:47:18.377Z
407,117.51,0,0,2025-12-02T17:47:24.397Z
408,120.21,0,0,2025-12-02T17:47:30.184Z
409,115.2,0,0,2025-12-02T17:47:35.763Z
410,123,0,0,2025-12-02T17:47:41.520Z
411,115.36,0,0,2025-12-02T17:47:47.137Z
412,122.7,0,0,2025-12-02T17:47:52.762Z
413,120.28,0,0,2025-12-02T17:47:58.396Z
414,123.49,0,0,2025-12-02T17:48:04.061Z
415,116.86,0,0,2025-12-02T17:48:09.680Z
416,121.71,0,0,2025-12-02T17:48:15.165Z
417,123.52,0,0,2025-12-02T17:48:20.677Z
418,123.89,0,0,2025-12-02T17:48:26.176Z
419,115.24,0,0,2025-12-02T17:48:31.795Z
420,121.86,0,0,2025-12-02T17:48:37.293Z
421,124.67,0,0,2025-12-02T17:48:42.831Z
422,117.9,0,0,2025-12-02T17:48:48.370Z
423,120.35,0,0,2025-12-02T17:48:53.890Z
424,117.18,0,0,2025-12-02T17:48:59.422Z
425,116.42,0,0,2025-12-02T17:49:04.952Z
426,119.42,0,0,2025-12-02T17:49:10.584Z
427,121.19,0,0,2025-12-02T17:49:16.133Z
428,119.63,0,0,2025-12-02T17:49:21.743Z
429,122.27,0,0,2025-12-02T17:49:27.376Z
430,124.27,0,0,2025-12-02T17:49:33.317Z
431,116.37,0,0,2025-12-02T17:49:38.834Z
432,123.14,0,0,2025-12-02T17:49:44.387Z
433,116.23,0,0,2025-12-02T17:49:50.198Z
434,120.74,0,0,2025-12-02T17:49:55.743Z
435,115.16,0,0,2025-12-02T17:50:01.382Z
436,122.17,0,0,2025-12-02T17:50:07.592Z
437,119.49,0,0,2025-12-02T17:50:13.153Z
438,121.16,0,0,2025-12-02T17:50:18.656Z
439,123.79,0,0,2025-12-02T17:50:24.213Z
440,120.21,0,0,2025-12-02T17:50:29.842Z
441,116.74,0,0,2025-12-02T17:50:35.376Z
442,117.77,0,0,2025-12-02T17:50:40.876Z
443,116.94,0,0,2025-12-02T17:50:46.378Z
444,116.2,0,0,2025-12-02T17:50:51.964Z
445,119.86,0,0,2025-12-02T17:50:57.457Z
446,116.21,0,0,2025-12-02T17:51:03.078Z
447,121.98,0,0,2025-12-02T17:51:08.780Z
448,119.86,0,0,2025-12-02T17:51:14.390Z
449,124.29,0,0,2025-12-02T17:51:19.911Z
450,123.38,0,0,2025-12-02T17:51:25.552Z
451,115.43,0,0,2025-12-02T17:51:31.286Z
452,123.91,0,0,2025-12-02T17:51:36.780Z
453,119.52,0,0,2025-12-02T17:51:42.360Z
454,118.14,0,0,2025-12-02T17:51:47.865Z
455,120.56,0,0,2025-12-02T17:51:53.470Z
456,123.46,0,0,2025-12-02T17:51:59.069Z
457,121.13,0,0,2025-12-02T17:52:04.693Z
458,120.92,0,0,2025-12-02T17:52:10.252Z
459,115.37,0,0,2025-12-02T17:52:15.741Z
460,122.19,0,0,2025-12-02T17:52:21.263Z
461,119.41,0,0,2025-12-02T17:52:26.772Z
462,115.37,0,0,2025-12-02T17:52:32.316Z
463,115.03,0,0,2025-12-02T17:52:37.814Z
464,122.73,0,0,2025-12-02T17:52:43.376Z
465,118.5,0,0,2025-12-02T17:52:48.874Z
466,116.68,0,0,2025-12-02T17:52:54.433Z
467,122.04,0,0,2025-12-02T17:52:59.970Z
468,120.73,0,0,2025-12-02T17:53:05.615Z
469,116.5,0,0,2025-12-02T17:53:11.125Z
470,118.19,0,0,2025-12-02T17:53:16.655Z
471,115.77,0,0,2025-12-02T17:53:22.170Z
472,123.64,0,0,2025-12-02T17:53:27.673Z
473,124.63,0,0,2025-12-02T17:53:33.246Z
474,122.5,0,0,2025-12-02T17:53:38.884Z
475,116.3,0,0,2025-12-02T17:53:44.509Z
476,121.62,0,0,2025-12-02T17:53:50.041Z
477,122.57,0,0,2025-12-02T17:53:55.568Z
478,123.55,0,0,2025-12-02T17:54:01.098Z
479,123.03,0,0,2025-12-02T17:54:06.730Z
480,116.1,0,0,2025-12-02T17:54:12.222Z
481,120.26,0,0,2025-12-02T17:54:17.789Z
482,123.76,0,0,2025-12-02T17:54:23.281Z
483,121.74,0,0,2025-12-02T17:54:28.779Z
484,116.9,0,0,2025-12-02T17:54:34.297Z
485,118.34,0,0,2025-12-02T17:54:39.850Z
486,115.38,0,0,2025-12-02T17:54:45.374Z
487,118.59,0,0,2025-12-02T17:54:51.072Z
488,117.73,0,0,2025-12-02T17:54:56.624Z
489,124.05,0,0,2025-12-02T17:55:02.232Z
490,116,0,0,2025-12-02T17:55:08.285Z
491,120.3,0,0,2025-12-02T17:55:14.216Z
492,118.55,0,0,2025-12-02T17:55:19.731Z
493,115.95,0,0,2025-12-02T17:55:25.273Z
494,121.88,0,0,2025-12-02T17:55:30.923Z
495,124.58,0,0,2025-12-02T17:55:36.434Z
496,122.73,0,0,2025-12-02T17:55:41.921Z
497,123.68,0,0,2025-12-02T17:55:47.409Z
498,118.29,0,0,2025-12-02T17:55:52.909Z
499,119.03,0,0,2025-12-02T17:55:58.393Z
500,117.6,0,0,2025-12-02T17:56:03.896Z
501,115.74,0,0,2025-12-02T17:56:09.508Z
502,120.31,0,0,2025-12-02T17:56:15.129Z
503,122.13,0,0,2025-12-02T17:56:20.660Z
504,118.34,0,0,2025-12-02T17:56:26.189Z
505,116.72,0,0,2025-12-02T17:56:31.692Z
506,124.93,0,0,2025-12-02T17:56:37.250Z
507,123.83,0,0,2025-12-02T17:56:42.885Z
508,118.63,0,0,2025-12-02T17:56:48.407Z
509,115.9,0,0,2025-12-02T17:56:53.952Z
510,121.59,0,0,2025-12-02T17:56:59.482Z
511,122.81,0,0,2025-12-02T17:57:05.011Z
512,118.67,0,0,2025-12-02T17:57:10.509Z
513,124.53,0,0,2025-12-02T17:57:16.000Z
514,121.88,0,0,2025-12-02T17:57:21.620Z
515,118.08,0,0,2025-12-02T17:57:27.134Z
516,123.16,0,0,2025-12-02T17:57:32.674Z
517,120.15,0,0,2025-12-02T17:57:38.307Z
518,124.49,0,0,2025-12-02T17:57:43.823Z
519,121,0,0,2025-12-02T17:57:49.323Z
520,117.96,0,0,2025-12-02T17:57:54.882Z
521,123.59,0,0,2025-12-02T17:58:00.374Z
522,117.91,0,0,2025-12-02T17:58:05.939Z
523,120.86,0,0,2025-12-02T17:58:11.475Z
524,122.7,0,0,2025-12-02T17:58:16.971Z
525,121.02,0,0,2025-12-02T17:58:22.528Z
526,122.7,0,0,2025-12-02T17:58:28.058Z
527,123.29,0,0,2025-12-02T17:58:33.577Z
528,119.28,0,0,2025-12-02T17:58:39.167Z
529,123.89,0,0,2025-12-02T17:58:44.753Z
530,117.23,0,0,2025-12-02T17:58:50.244Z
531,121.96,0,0,2025-12-02T17:58:55.804Z
532,124.74,0,0,2025-12-02T17:59:01.308Z
533,121.46,0,0,2025-12-02T17:59:06.863Z
534,118.72,0,0,2025-12-02T17:59:12.371Z
535,121.87,0,0,2025-12-02T17:59:17.871Z
536,119.54,0,0,2025-12-02T17:59:23.452Z
537,115.67,0,0,2025-12-02T17:59:28.984Z
538,121.51,0,0,2025-12-02T17:59:34.511Z
539,115.84,0,0,2025-12-02T17:59:40.015Z
540,116.5,0,0,2025-12-02T17:59:45.571Z
541,120.48,0,0,2025-12-02T17:59:51.080Z
542,124.37,0,0,2025-12-02T17:59:56.636Z
543,118.55,0,0,2025-12-02T18:00:02.168Z
544,119.86,0,0,2025-12-02T18:00:07.657Z
545,120.41,0,0,2025-12-02T18:00:13.262Z
546,118.93,0,0,2025-12-02T18:00:18.858Z
547,115.59,0,0,2025-12-02T18:00:24.386Z
548,120.92,0,0,2025-12-02T18:00:30.493Z
549,118.12,0,0,2025-12-02T18:00:36.141Z
550,124.63,0,0,2025-12-02T18:00:41.711Z
551,120.53,0,0,2025-12-02T18:00:47.205Z
552,116.65,0,0,2025-12-02T18:00:52.726Z
553,120.49,0,0,2025-12-02T18:00:58.283Z
554,115.58,0,0,2025-12-02T18:01:03.927Z
555,120.53,0,0,2025-12-02T18:01:09.558Z
556,118.6,0,0,2025-12-02T18:04:51.614Z
557,117.57,0,0,2025-12-02T18:04:51.621Z
558,116.39,0,0,2025-12-02T18:04:51.623Z
559,120.69,0,0,2025-12-02T18:04:51.624Z
560,117.97,0,0,2025-12-02T18:04:51.627Z
561,119.89,0,0,2025-12-02T18:04:51.629Z
562,118.37,0,0,2025-12-02T18:04:51.632Z
563,115.75,0,0,2025-12-02T18:04:51.635Z
564,121.45,0,0,2025-12-02T18:04:51.659Z
565,121.69,0,0,2025-12-02T18:04:51.667Z
566,123.32,0,0,2025-12-02T18:04:51.669Z
567,122.13,0,0,2025-12-02T18:04:51.620Z
568,122.98,0,0,2025-12-02T18:04:51.680Z
569,123.03,0,0,2025-12-02T18:04:51.619Z
570,124.34,0,0,2025-12-02T18:04:51.673Z
571,118.67,0,0,2025-12-02T18:04:51.617Z
572,115.99,0,0,2025-12-02T18:04:51.684Z
573,122.38,0,0,2025-12-02T18:04:55.953Z
574,118.79,0,0,2025-12-02T18:04:56.952Z
575,119.24,0,0,2025-12-02T18:04:57.718Z
576,121.68,0,0,2025-12-02T18:05:03.325Z
577,120.53,0,0,2025-12-02T18:05:08.830Z
578,124.36,0,0,2025-12-02T18:05:09.959Z
579,119.31,0,0,2025-12-02T18:05:14.515Z
580,120.17,0,0,2025-12-02T18:05:20.222Z
581,124.62,0,0,2025-12-02T18:05:25.769Z
582,121.69,0,0,2025-12-02T18:05:31.385Z
583,117.9,0,0,2025-12-02T18:05:36.915Z
584,121.73,0,0,2025-12-02T18:05:42.417Z
585,115.07,0,0,2025-12-02T18:05:47.932Z
586,119.53,0,0,2025-12-02T18:05:53.472Z
587,118.26,0,0,2025-12-02T18:05:59.047Z
588,123.02,0,0,2025-12-02T18:06:04.664Z
589,115.12,0,0,2025-12-02T18:06:10.167Z
590,123.78,0,0,2025-12-02T18:06:15.659Z
591,120.93,0,0,2025-12-02T18:06:21.254Z
592,119.18,0,0,2025-12-02T18:06:26.782Z
593,119.59,0,0,2025-12-02T18:06:32.331Z
594,121.43,0,0,2025-12-02T18:06:37.825Z
595,124.08,0,0,2025-12-02T18:06:43.323Z
596,116.56,0,0,2025-12-02T18:06:49.004Z
597,119.05,0,0,2025-12-02T18:06:54.552Z
598,118.38,0,0,2025-12-02T18:07:00.200Z
599,116.32,0,0,2025-12-02T18:07:05.804Z
600,120.29,0,0,2025-12-02T18:07:11.327Z
601,123.95,0,0,2025-12-02T18:07:16.869Z
602,118.21,0,0,2025-12-02T18:07:22.504Z
603,124.52,0,0,2025-12-02T18:07:28.007Z
604,117.18,0,0,2025-12-02T18:07:33.791Z
605,124.91,0,0,2025-12-02T18:07:39.342Z
606,123.75,0,0,2025-12-02T18:07:44.831Z
607,115.19,0,0,2025-12-02T18:07:50.474Z
608,116.23,0,0,2025-12-02T18:07:55.975Z
609,124.47,0,0,2025-12-02T18:08:01.622Z
610,118.06,0,0,2025-12-02T18:08:07.130Z
611,124.19,0,0,2025-12-02T18:08:12.675Z
612,121.19,0,0,2025-12-02T18:08:18.394Z
613,123.22,0,0,2025-12-02T18:08:23.952Z
614,120.04,0,0,2025-12-02T18:08:29.659Z
615,117.87,0,0,2025-12-02T18:08:35.190Z
616,124.07,0,0,2025-12-02T18:08:40.736Z
617,122.99,0,0,2025-12-02T18:08:46.350Z
618,118.94,0,0,2025-12-02T18:08:51.899Z
619,123.4,0,0,2025-12-02T18:08:57.394Z
620,122.13,0,0,2025-12-02T18:09:02.941Z
621,121.21,0,0,2025-12-02T18:09:08.572Z
622,122.69,0,0,2025-12-02T18:09:14.204Z
623,122.63,0,0,2025-12-02T18:09:19.717Z
624,120.4,0,0,2025-12-02T18:09:25.370Z
625,119.89,0,0,2025-12-02T18:09:31.002Z
626,124.56,0,0,2025-12-02T18:09:36.512Z
627,120.87,0,0,2025-12-02T18:09:42.057Z
628,124.76,0,0,2025-12-02T18:09:47.586Z
629,122.74,0,0,2025-12-02T18:09:53.224Z
630,123.76,0,0,2025-12-02T18:09:58.784Z
631,123.11,0,0,2025-12-02T18:10:04.380Z
632,119.95,0,0,2025-12-02T18:10:09.881Z
633,116.29,0,0,2025-12-02T18:10:15.441Z
634,119.33,0,0,2025-12-02T18:10:21.072Z
635,115.04,0,0,2025-12-02T18:10:26.604Z
636,119.38,0,0,2025-12-02T18:10:32.169Z
637,124.46,0,0,2025-12-02T18:10:37.767Z
638,121.16,0,0,2025-12-02T18:10:43.292Z
639,120.64,0,0,2025-12-02T18:10:48.824Z
640,118.95,0,0,2025-12-02T18:10:54.458Z
641,123.75,0,0,2025-12-02T18:10:59.952Z
642,120.2,0,0,2025-12-02T18:11:05.458Z
643,119.24,0,0,2025-12-02T18:11:11.037Z
644,123.75,0,0,2025-12-02T18:11:16.567Z
645,120.87,0,0,2025-12-02T18:11:22.097Z
646,122.29,0,0,2025-12-02T18:11:27.626Z
647,116.03,0,0,2025-12-02T18:11:33.132Z
648,121.13,0,0,2025-12-02T18:11:38.692Z
649,124.36,0,0,2025-12-02T18:11:44.216Z
650,123.68,0,0,2025-12-02T18:11:49.745Z
651,122.44,0,0,2025-12-02T18:11:55.377Z
652,122.88,0,0,2025-12-02T18:12:00.905Z
653,124.39,0,0,2025-12-02T18:12:06.435Z
654,117.46,0,0,2025-12-02T18:12:11.956Z
655,117.65,0,0,2025-12-02T18:12:17.451Z
656,119.33,0,0,2025-12-02T18:12:23.024Z
657,115.57,0,0,2025-12-02T18:12:28.523Z
658,118.6,0,0,2025-12-02T18:12:34.083Z
659,122.09,0,0,2025-12-02T18:12:39.614Z
660,115.8,0,0,2025-12-02T18:12:45.143Z
661,122.75,0,0,2025-12-02T18:12:50.776Z
662,122.77,0,0,2025-12-02T18:12:56.278Z
663,117.02,0,0,2025-12-02T18:13:01.843Z
664,115.7,0,0,2025-12-02T18:13:07.477Z
665,115.85,0,0,2025-12-02T18:13:13.107Z
666,116.15,0,0,2025-12-02T18:13:18.636Z
667,120.66,0,0,2025-12-02T18:13:24.133Z
668,123.53,0,0,2025-12-02T18:13:29.696Z
669,116.19,0,0,2025-12-02T18:13:35.237Z
670,117.41,0,0,2025-12-02T18:13:40.860Z
671,123.6,0,0,2025-12-02T18:13:46.521Z
672,117.78,0,0,2025-12-02T18:13:52.054Z
673,122.41,0,0,2025-12-02T18:13:57.662Z
674,121.12,0,0,2025-12-02T18:14:03.202Z
675,119.84,0,0,2025-12-02T18:14:08.699Z
676,121.69,0,0,2025-12-02T18:14:14.243Z
677,119.23,0,0,2025-12-02T18:14:19.773Z
678,123.38,0,0,2025-12-02T18:14:25.302Z
679,116.01,0,0,2025-12-02T18:14:30.792Z
680,116.12,0,0,2025-12-02T18:14:36.363Z
681,122.71,0,0,2025-12-02T18:14:41.891Z
682,121.56,0,0,2025-12-02T18:14:47.423Z
683,116.83,0,0,2025-12-02T18:14:52.977Z
684,118.48,0,0,2025-12-02T18:14:58.467Z
685,124.18,0,0,2025-12-02T18:15:03.957Z
686,119.94,0,0,2025-12-02T18:15:09.535Z
687,119.12,0,0,2025-12-02T18:15:15.030Z
688,116.89,0,0,2025-12-02T18:15:20.595Z
689,117.83,0,0,2025-12-02T18:15:26.109Z
690,124.51,0,0,2025-12-02T18:15:31.605Z
691,122.67,0,0,2025-12-02T18:15:37.196Z
692,120.63,0,0,2025-12-02T18:15:42.716Z
693,118.95,0,0,2025-12-02T18:15:48.268Z
694,124.8,0,0,2025-12-02T18:15:53.978Z
695,123.15,0,0,2025-12-02T18:15:59.507Z
696,120.2,0,0,2025-12-02T18:16:05.037Z
697,124.74,0,0,2025-12-02T18:16:10.535Z
698,120.12,0,0,2025-12-02T18:16:16.022Z
699,122.41,0,0,2025-12-02T18:16:21.625Z
700,124.22,0,0,2025-12-02T18:16:27.155Z
701,119.02,0,0,2025-12-02T18:16:32.661Z
702,123.61,0,0,2025-12-02T18:16:38.214Z
703,118.4,0,0,2025-12-02T18:16:43.758Z
704,122.44,0,0,2025-12-02T18:16:49.254Z
705,124.18,0,0,2025-12-02T18:16:54.805Z
706,118.31,0,0,2025-12-02T18:17:00.310Z
707,123.88,0,0,2025-12-02T18:17:05.965Z
708,120.34,0,0,2025-12-02T18:17:11.495Z
709,124.28,0,0,2025-12-02T18:17:16.990Z
710,123.3,0,0,2025-12-02T18:17:22.554Z
711,120.05,0,0,2025-12-02T18:17:28.084Z
712,121.45,0,0,2025-12-02T18:17:33.614Z
713,120.61,0,0,2025-12-02T18:17:39.116Z
714,115.39,0,0,2025-12-02T18:17:44.673Z
715,123.96,0,0,2025-12-02T18:17:50.310Z
716,118.31,0,0,2025-12-02T18:17:55.804Z
717,117.95,0,0,2025-12-02T18:18:01.376Z
718,123.49,0,0,2025-12-02T18:18:06.894Z
719,121.41,0,0,2025-12-02T18:18:12.429Z
720,120.65,0,0,2025-12-02T18:18:17.935Z
721,123.72,0,0,2025-12-02T18:18:23.431Z
722,115.64,0,0,2025-12-02T18:18:28.926Z
723,115.84,0,0,2025-12-02T18:18:34.440Z
724,116.97,0,0,2025-12-02T18:18:39.942Z
725,118.06,0,0,2025-12-02T18:18:45.700Z
726,120.96,0,0,2025-12-04T17:23:40.369Z
727,115.64,0,0,2025-12-04T17:23:45.883Z
728,115.56,0,0,2025-12-04T17:23:51.410Z
729,122.99,0,0,2025-12-04T17:23:57.068Z
730,116.87,0,0,2025-12-04T17:24:02.694Z
731,120.53,0,0,2025-12-04T17:24:08.308Z
732,124.22,0,0,2025-12-04T17:24:13.823Z
733,123.44,0,0,2025-12-04T17:24:19.366Z
734,119.94,0,0,2025-12-04T17:24:24.882Z
735,121.04,0,0,2025-12-04T17:24:30.375Z
736,116.51,0,0,2025-12-04T17:24:35.979Z
737,117.27,0,0,2025-12-04T17:24:41.590Z
738,124.83,0,0,2025-12-04T17:24:47.090Z
739,116.41,0,0,2025-12-04T17:24:52.675Z
740,122.67,0,0,2025-12-04T17:24:58.282Z
741,124.3,0,0,2025-12-04T17:25:03.914Z
742,119.49,0,0,2025-12-04T17:25:09.444Z
743,117.98,0,0,2025-12-04T17:25:14.978Z
744,120.92,0,0,2025-12-04T17:25:20.707Z
745,122.25,0,0,2025-12-04T17:25:26.207Z
746,123.26,0,0,2025-12-04T17:25:31.868Z
747,116.38,0,0,2025-12-04T17:25:37.361Z
748,119.48,0,0,2025-12-04T17:25:42.851Z
749,124.83,0,0,2025-12-04T17:25:48.352Z
750,123.24,0,0,2025-12-04T17:25:53.883Z
751,116.9,0,0,2025-12-04T17:25:59.543Z
752,116.81,0,0,2025-12-04T17:26:05.145Z
753,122.17,0,0,2025-12-04T17:26:10.647Z
754,119.6,0,0,2025-12-04T17:26:16.205Z
755,118.65,0,0,2025-12-04T17:26:21.751Z
756,118.14,0,0,2025-12-04T17:26:27.379Z
757,121.79,0,0,2025-12-04T17:26:32.891Z
758,117.34,0,0,2025-12-04T17:26:38.531Z
759,123.15,0,0,2025-12-04T17:26:44.162Z
760,122.81,0,0,2025-12-04T17:26:49.690Z
761,118.74,0,0,2025-12-04T17:26:55.223Z
762,123.92,0,0,2025-12-04T17:27:00.714Z
763,118.07,0,0,2025-12-04T17:27:06.280Z
764,122.86,0,0,2025-12-04T17:27:11.816Z
765,124.05,0,0,2025-12-04T17:27:17.338Z
766,122.07,0,0,2025-12-04T17:27:22.837Z
767,118.08,0,0,2025-12-04T17:27:28.400Z
768,123.26,0,0,2025-12-04T17:27:34.047Z
769,121.98,0,0,2025-12-04T17:27:39.594Z
770,118.96,0,0,2025-12-04T17:27:45.135Z
771,119.23,0,0,2025-12-04T17:27:50.723Z
772,119.75,0,0,2025-12-04T17:27:56.253Z
773,115.08,0,0,2025-12-04T17:28:01.818Z
774,122.34,0,0,2025-12-04T17:28:07.433Z
775,124.26,0,0,2025-12-04T17:28:13.070Z
776,119.12,0,0,2025-12-04T17:28:18.700Z
777,120.18,0,0,2025-12-04T17:28:24.310Z
778,123.42,0,0,2025-12-04T17:28:29.840Z
779,124.23,0,0,2025-12-04T17:28:35.472Z
780,122.56,0,0,2025-12-04T17:28:41.004Z
781,115.35,0,0,2025-12-04T17:28:46.524Z
782,123.03,0,0,2025-12-04T17:28:52.053Z
783,122.21,0,0,2025-12-04T17:28:57.697Z
784,120.05,0,0,2025-12-04T17:29:03.318Z
785,124.19,0,0,2025-12-04T17:29:08.847Z
786,117.51,0,0,2025-12-04T17:29:14.341Z
787,122.11,0,0,2025-12-04T17:29:19.906Z
788,119.05,0,0,2025-12-04T17:29:25.547Z
789,117.03,0,0,2025-12-04T17:29:31.100Z
790,115.29,0,0,2025-12-04T17:29:36.700Z
791,119.39,0,0,2025-12-04T17:29:42.203Z
792,121.25,0,0,2025-12-04T17:29:47.769Z
793,123.08,0,0,2025-12-04T17:29:53.429Z
794,116.9,0,0,2025-12-04T17:29:58.934Z
795,119.72,0,0,2025-12-04T17:30:04.601Z
796,121.57,0,0,2025-12-04T17:30:10.196Z
797,122.96,0,0,2025-12-04T17:30:15.701Z
798,118.05,0,0,2025-12-04T17:30:21.357Z
799,119.11,0,0,2025-12-04T17:30:26.861Z
800,115.97,0,0,2025-12-04T17:30:32.415Z
801,118.42,0,0,2025-12-04T17:30:38.151Z
802,122.39,0,0,2025-12-04T17:30:43.649Z
803,116.99,0,0,2025-12-04T17:30:49.201Z
804,119.49,0,0,2025-12-04T17:30:54.747Z
805,123.24,0,0,2025-12-04T17:31:00.297Z
806,115.79,0,0,2025-12-04T17:31:05.894Z
807,115.17,0,0,2025-12-04T17:31:11.446Z
808,123.18,0,0,2025-12-04T17:31:17.067Z
809,118.84,0,0,2025-12-04T17:31:22.582Z
810,115.21,0,0,2025-12-04T17:31:28.215Z
811,115.68,0,0,2025-12-04T17:31:33.849Z
812,121.82,0,0,2025-12-04T17:31:39.479Z
813,119.6,0,0,2025-12-04T17:31:44.985Z
814,123.52,0,0,2025-12-04T17:31:50.648Z
815,115.74,0,0,2025-12-04T17:31:56.174Z
816,118.55,0,0,2025-12-04T17:32:01.816Z
817,115.31,0,0,2025-12-04T17:32:07.314Z
818,120.71,0,0,2025-12-04T17:32:12.908Z
819,124.94,0,0,2025-12-04T17:32:18.417Z
820,120.57,0,0,2025-12-04T17:32:24.035Z
821,119.74,0,0,2025-12-04T17:32:29.565Z
822,124.04,0,0,2025-12-04T17:32:35.114Z
823,119.68,0,0,2025-12-04T17:32:40.719Z
824,119.15,0,0,2025-12-04T17:32:46.370Z
825,119.3,0,0,2025-12-04T17:32:51.987Z
826,118.67,0,0,2025-12-04T17:32:57.541Z
827,124.73,0,0,2025-12-04T17:33:03.051Z
828,120.01,0,0,2025-12-04T17:33:08.687Z
829,121.64,0,0,2025-12-04T17:33:14.187Z
830,118.95,0,0,2025-12-04T17:33:19.759Z
831,121.75,0,0,2025-12-04T17:33:25.382Z
832,124.62,0,0,2025-12-04T17:33:31.014Z
833,119.01,0,0,2025-12-04T17:33:36.506Z
834,120.28,0,0,2025-12-04T17:33:42.060Z
835,119.48,0,0,2025-12-04T17:33:47.590Z
836,115.31,0,0,2025-12-04T17:33:53.126Z
837,115.3,0,0,2025-12-04T17:33:58.860Z
838,115.95,0,0,2025-12-04T17:34:04.394Z
839,116.18,0,0,2025-12-04T17:34:09.918Z
840,122.47,0,0,2025-12-04T17:34:15.419Z
841,121.97,0,0,2025-12-04T17:34:21.080Z
842,116.44,0,0,2025-12-04T17:34:26.611Z
843,122.97,0,0,2025-12-04T17:34:32.190Z
844,117.42,0,0,2025-12-04T17:34:37.692Z
845,120.25,0,0,2025-12-04T17:34:43.301Z
846,123.59,0,0,2025-12-04T17:34:48.830Z
847,118.47,0,0,2025-12-04T17:34:54.331Z
848,124.48,0,0,2025-12-04T17:34:59.885Z
849,123.52,0,0,2025-12-04T17:35:05.415Z
850,116.46,0,0,2025-12-04T17:35:10.914Z
851,116.48,0,0,2025-12-04T17:35:16.474Z
852,122.97,0,0,2025-12-04T17:35:22.112Z
853,121.76,0,0,2025-12-04T17:35:27.767Z
854,120.72,0,0,2025-12-04T17:35:39.209Z
855,123.79,0,0,2025-12-04T17:35:44.858Z
856,117.74,0,0,2025-12-04T17:35:50.472Z
857,121.13,0,0,2025-12-04T17:35:56.002Z
858,121.44,0,0,2025-12-04T17:36:04.319Z
859,121.76,0,0,2025-12-04T17:36:12.080Z
860,117.5,0,0,2025-12-04T17:36:17.611Z
861,123.48,0,0,2025-12-04T17:36:23.157Z
862,123.22,0,0,2025-12-04T17:36:28.784Z
863,116.24,0,0,2025-12-04T17:36:34.409Z
864,116.31,0,0,2025-12-04T17:36:39.908Z
865,121.05,0,0,2025-12-04T17:36:45.461Z
866,121.33,0,0,2025-12-04T17:36:51.026Z
867,117.71,0,0,2025-12-04T17:36:56.629Z
868,119.57,0,0,2025-12-04T17:37:02.157Z
869,122.11,0,0,2025-12-04T17:37:07.788Z
870,121.82,0,0,2025-12-04T17:37:13.316Z
871,120.53,0,0,2025-12-04T17:37:18.858Z
872,121.86,0,0,2025-12-04T17:37:24.583Z
873,118.7,0,0,2025-12-04T17:37:30.218Z
874,115.49,0,0,2025-12-04T17:37:35.843Z
875,120.63,0,0,2025-12-04T17:37:41.372Z
876,119.65,0,0,2025-12-04T17:37:46.921Z
877,124.24,0,0,2025-12-04T17:37:52.417Z
878,115.01,0,0,2025-12-04T17:37:57.963Z
879,118.37,0,0,2025-12-04T17:38:03.595Z
880,123,0,0,2025-12-04T17:38:09.087Z
881,119.87,0,0,2025-12-04T17:38:14.578Z
882,117.67,0,0,2025-12-04T17:38:20.187Z
883,116.26,0,0,2025-12-04T17:38:25.714Z
884,115.94,0,0,2025-12-04T17:38:31.246Z
885,116.83,0,0,2025-12-04T17:38:37.468Z
886,119.36,0,0,2025-12-04T17:38:43.123Z
887,118.7,0,0,2025-12-04T17:38:48.653Z
888,120.74,0,0,2025-12-04T17:38:54.145Z
889,119.76,0,0,2025-12-04T17:38:59.745Z
890,117.32,0,0,2025-12-04T17:39:05.344Z
891,121.28,0,0,2025-12-04T17:39:10.874Z
892,124.16,0,0,2025-12-04T17:39:16.505Z
893,117.02,0,0,2025-12-04T17:39:22.032Z
894,122.38,0,0,2025-12-04T17:39:27.564Z
895,123.8,0,0,2025-12-04T17:39:33.065Z
896,122.15,0,0,2025-12-04T17:39:38.581Z
897,116.99,0,0,2025-12-04T17:39:44.151Z
898,121.82,0,0,2025-12-04T17:39:49.680Z
899,120.59,0,0,2025-12-04T17:39:55.230Z
900,124.17,0,0,2025-12-04T17:40:00.848Z
901,119.16,0,0,2025-12-04T17:40:06.436Z
902,117.59,0,0,2025-12-04T17:40:12.006Z
903,123.05,0,0,2025-12-04T17:40:17.583Z
904,118.4,0,0,2025-12-04T17:40:23.091Z
905,115.85,0,0,2025-12-04T17:40:28.633Z
906,115.5,0,0,2025-12-04T17:40:34.228Z
907,116.83,0,0,2025-12-04T17:40:39.755Z
908,118.53,0,0,2025-12-04T17:40:45.424Z
909,116.14,0,0,2025-12-04T17:40:50.922Z
910,116.59,0,0,2025-12-04T17:40:56.456Z
911,117.44,0,0,2025-12-04T17:41:01.979Z
912,119.54,0,0,2025-12-04T17:41:07.478Z
913,118.45,0,0,2025-12-04T17:41:13.037Z
914,117.64,0,0,2025-12-04T17:41:18.527Z
915,118.72,0,0,2025-12-04T17:41:24.097Z
916,121.61,0,0,2025-12-04T17:41:29.732Z
917,122.83,0,0,2025-12-04T17:41:35.259Z
918,123.67,0,0,2025-12-04T17:41:40.775Z
919,121.38,0,0,2025-12-04T17:41:46.438Z
920,116.06,0,0,2025-12-04T17:41:51.947Z
921,118.09,0,0,2025-12-04T17:41:57.690Z
922,120.01,0,0,2025-12-04T17:42:03.234Z
923,115.39,0,0,2025-12-04T17:42:08.751Z
924,118.12,0,0,2025-12-04T17:42:14.296Z
925,122.63,0,0,2025-12-04T17:42:19.790Z
926,120.75,0,0,2025-12-04T17:42:25.338Z
927,123.92,0,0,2025-12-04T17:42:30.971Z
928,118.35,0,0,2025-12-04T17:42:36.623Z
929,117.03,0,0,2025-12-04T17:42:42.236Z
930,121.15,0,0,2025-12-04T17:42:47.774Z
931,116.54,0,0,2025-12-04T17:42:53.395Z
932,120.9,0,0,2025-12-04T17:42:59.053Z
933,119.88,0,0,2025-12-04T17:43:04.657Z
934,124.02,0,0,2025-12-04T17:43:10.198Z
935,120.76,0,0,2025-12-04T17:43:15.818Z
936,119.8,0,0,2025-12-04T17:43:21.316Z
937,118.09,0,0,2025-12-04T17:43:26.950Z
938,120.41,0,0,2025-12-04T17:43:32.508Z
939,115.65,0,0,2025-12-04T17:43:38.040Z
940,116.44,0,0,2025-12-04T17:43:43.535Z
941,117.41,0,0,2025-12-04T17:43:49.030Z
942,116.91,0,0,2025-12-04T17:43:54.644Z
943,118.89,0,0,2025-12-04T17:44:00.170Z
944,117.64,0,0,2025-12-04T17:44:05.685Z
945,120.21,0,0,2025-12-04T17:44:11.227Z
946,116.99,0,0,2025-12-04T17:44:16.855Z
947,119.99,0,0,2025-12-04T17:44:22.379Z
948,115.46,0,0,2025-12-04T17:44:27.880Z
949,118.01,0,0,2025-12-04T17:44:33.366Z
950,118,0,0,2025-12-04T17:44:38.982Z
951,115.93,0,0,2025-12-04T17:44:44.500Z
952,118.49,0,0,2025-12-04T17:44:49.994Z
953,120.72,0,0,2025-12-04T17:44:55.557Z
954,117.14,0,0,2025-12-04T17:45:01.189Z
955,124.31,0,0,2025-12-04T17:45:06.733Z
956,123.5,0,0,2025-12-04T17:45:12.246Z
957,118.34,0,0,2025-12-04T17:45:17.881Z
958,123.6,0,0,2025-12-04T17:45:23.381Z
959,118.15,0,0,2025-12-04T17:45:28.941Z
960,123.61,0,0,2025-12-04T17:45:34.468Z
961,122.44,0,0,2025-12-04T17:45:39.998Z
962,117.8,0,0,2025-12-04T17:45:45.530Z
963,117.41,0,0,2025-12-04T17:45:51.034Z
964,123.68,0,0,2025-12-04T17:52:04.395Z
965,122.54,0,0,2025-12-04T17:52:04.400Z
966,120.14,0,0,2025-12-04T17:52:04.402Z
967,120.96,0,0,2025-12-04T17:52:04.434Z
968,122.69,0,0,2025-12-04T17:52:04.396Z
969,118.14,0,0,2025-12-04T17:52:04.438Z
970,122.98,0,0,2025-12-04T17:52:04.443Z
971,123.57,0,0,2025-12-04T17:52:04.444Z
972,118.95,0,0,2025-12-04T17:52:04.452Z
973,115.74,0,0,2025-12-04T17:52:04.458Z
974,124.2,0,0,2025-12-04T17:52:04.460Z
975,121.26,0,0,2025-12-04T17:52:04.464Z
976,119.1,0,0,2025-12-04T17:52:04.466Z
977,118.84,0,0,2025-12-04T17:52:04.397Z
978,117.99,0,0,2025-12-04T17:52:04.398Z
979,118.22,0,0,2025-12-04T17:52:04.436Z
980,123.04,0,0,2025-12-04T17:52:04.475Z
981,117.28,0,0,2025-12-04T17:52:04.477Z
982,120.61,0,0,2025-12-04T17:52:04.470Z
983,118.34,0,0,2025-12-04T17:52:04.479Z
984,115.62,0,0,2025-12-04T17:52:04.480Z
985,117.38,0,0,2025-12-04T17:52:04.478Z
986,115.07,0,0,2025-12-04T17:52:04.473Z
987,117.78,0,0,2025-12-04T17:52:04.468Z
988,123.76,0,0,2025-12-04T17:52:04.481Z
989,124.47,0,0,2025-12-04T17:52:04.483Z
990,119.69,0,0,2025-12-04T17:52:04.484Z
991,123.26,0,0,2025-12-04T17:52:06.065Z
992,124.06,0,0,2025-12-04T17:52:11.588Z
993,124,0,0,2025-12-04T17:52:12.658Z
994,115.1,0,0,2025-12-04T17:52:20.369Z
995,120.66,0,0,2025-12-04T17:52:23.655Z
996,117.85,0,0,2025-12-04T17:52:26.032Z
997,123.76,0,0,2025-12-04T17:52:31.701Z
998,122.92,0,0,2025-12-04T17:52:37.288Z
999,119.54,0,0,2025-12-04T17:52:42.920Z
1000,119.83,0,0,2025-12-04T17:52:48.414Z
1001,122.78,0,0,2025-12-04T17:52:53.980Z
1002,116.03,0,0,2025-12-04T17:52:59.483Z
1003,115.39,0,0,2025-12-04T17:53:05.039Z
1004,122.15,0,0,2025-12-04T17:53:10.672Z
1005,116.48,0,0,2025-12-04T17:53:12.659Z
1006,115.21,0,0,2025-12-04T17:53:16.303Z
1007,117.61,0,0,2025-12-04T17:53:21.806Z
1008,120.61,0,0,2025-12-04T17:53:27.364Z
1009,122.46,0,0,2025-12-04T17:53:32.892Z
1010,115.67,0,0,2025-12-04T17:53:38.529Z
1011,120.86,0,0,2025-12-04T17:53:44.056Z
1012,124.09,0,0,2025-12-04T17:53:49.560Z
1013,119.98,0,0,2025-12-04T17:53:55.048Z
1014,123.23,0,0,2025-12-04T17:54:00.643Z
1015,116.1,0,0,2025-12-04T17:54:06.190Z
1016,118.33,0,0,2025-12-04T17:54:08.657Z
1017,124.35,0,0,2025-12-04T17:54:11.712Z
1018,123.89,0,0,2025-12-04T17:54:17.331Z
1019,120.62,0,0,2025-12-04T17:54:22.861Z
1020,124.13,0,0,2025-12-04T17:54:28.494Z
1021,122.92,0,0,2025-12-04T17:54:34.126Z
1022,121.18,0,0,2025-12-04T17:54:39.656Z
1023,118.29,0,0,2025-12-04T17:54:45.288Z
1024,124.65,0,0,2025-12-04T17:54:50.919Z
1025,124.37,0,0,2025-12-04T17:54:56.445Z
1026,119.26,0,0,2025-12-04T17:55:01.979Z
1027,116.18,0,0,2025-12-04T17:55:07.813Z
1028,115.03,0,0,2025-12-04T17:55:13.460Z
1029,115.92,0,0,2025-12-04T17:55:18.975Z
1030,117.19,0,0,2025-12-04T17:55:24.511Z
1031,122.84,0,0,2025-12-04T17:55:30.017Z
1032,123.82,0,0,2025-12-04T17:55:35.564Z
1033,118.88,0,0,2025-12-04T17:55:41.101Z
1034,119.72,0,0,2025-12-04T17:55:46.602Z
1035,124.32,0,0,2025-12-04T17:55:52.119Z
1036,120.96,0,0,2025-12-04T17:55:57.681Z
1037,124.55,0,0,2025-12-04T17:56:03.214Z
1038,118.26,0,0,2025-12-04T17:56:08.859Z
1039,118.03,0,0,2025-12-04T17:56:14.478Z
1040,121.91,0,0,2025-12-04T17:56:19.983Z
1041,115.08,0,0,2025-12-04T17:56:25.538Z
1042,123.93,0,0,2025-12-04T17:56:31.043Z
1043,117.89,0,0,2025-12-04T17:56:36.598Z
1044,116.06,0,0,2025-12-04T17:56:42.150Z
1045,119.57,0,0,2025-12-04T17:56:47.762Z
1046,121.92,0,0,2025-12-04T17:56:53.290Z
1047,119.26,0,0,2025-12-04T17:56:58.919Z
1048,124.41,0,0,2025-12-04T17:57:04.550Z
1049,124.42,0,0,2025-12-04T17:57:10.089Z
1050,122.46,0,0,2025-12-04T17:57:15.616Z
1051,117.8,0,0,2025-12-04T17:57:21.248Z
1052,123,0,0,2025-12-04T17:57:26.778Z
1053,120.76,0,0,2025-12-04T17:57:32.307Z
1054,121.03,0,0,2025-12-04T17:57:37.842Z
1055,121.54,0,0,2025-12-04T17:57:43.367Z
1056,115.05,0,0,2025-12-04T17:57:48.999Z
1057,124.32,0,0,2025-12-04T17:57:54.500Z
1058,122,0,0,2025-12-04T17:58:00.059Z
1059,123.31,0,0,2025-12-04T17:58:05.557Z
1060,117.58,0,0,2025-12-04T17:58:11.042Z
1061,119.69,0,0,2025-12-04T17:58:16.539Z
1062,123.71,0,0,2025-12-04T17:58:22.068Z
1063,118.59,0,0,2025-12-04T17:58:27.700Z
1064,117.67,0,0,2025-12-04T17:58:33.197Z
1065,123.49,0,0,2025-12-04T17:58:38.760Z
1066,116.32,0,0,2025-12-04T17:58:44.295Z
1067,116.32,0,0,2025-12-04T17:58:49.953Z
1068,118.44,0,0,2025-12-04T17:58:55.554Z
1069,115.84,0,0,2025-12-04T17:59:01.084Z
1070,117.34,0,0,2025-12-04T17:59:06.608Z
1071,120.66,0,0,2025-12-04T17:59:12.132Z
1072,115.77,0,0,2025-12-04T17:59:17.768Z
1073,117.48,0,0,2025-12-04T17:59:23.300Z
1074,124.09,0,0,2025-12-04T17:59:28.849Z
1075,122.86,0,0,2025-12-04T17:59:34.479Z
1076,117.83,0,0,2025-12-04T17:59:40.013Z
1077,115.68,0,0,2025-12-04T17:59:45.622Z
1078,121.97,0,0,2025-12-04T17:59:51.152Z
1079,124.87,0,0,2025-12-04T17:59:56.654Z
1080,118.49,0,0,2025-12-04T18:00:02.218Z
1081,121.32,0,0,2025-12-04T18:00:07.848Z
1082,115.39,0,0,2025-12-04T18:00:13.359Z
1083,117.49,0,0,2025-12-04T18:00:18.917Z
1084,117.81,0,0,2025-12-04T18:00:24.546Z
1085,115.53,0,0,2025-12-04T18:00:30.075Z
1086,119.78,0,0,2025-12-04T18:00:35.605Z
1087,123.28,0,0,2025-12-04T18:00:41.136Z
1088,120.16,0,0,2025-12-04T18:00:46.664Z
1089,123.31,0,0,2025-12-04T18:00:52.160Z
1090,115.23,0,0,2025-12-04T18:00:57.723Z
1091,123.68,0,0,2025-12-04T18:01:03.227Z
1092,118.95,0,0,2025-12-04T18:01:08.715Z
1093,115.16,0,0,2025-12-04T18:01:14.300Z
1094,121.35,0,0,2025-12-04T18:01:19.852Z
1095,120.77,0,0,2025-12-04T18:01:25.565Z
1096,123.89,0,0,2025-12-04T18:01:31.077Z
1097,118.37,0,0,2025-12-04T18:01:36.679Z
1098,117.87,0,0,2025-12-04T18:01:42.175Z
1099,123.37,0,0,2025-12-04T18:01:47.888Z
1100,120.91,0,0,2025-12-04T18:01:53.417Z
1101,119.92,0,0,2025-12-04T18:01:58.910Z
1102,124.15,0,0,2025-12-04T18:02:04.403Z
1103,121.81,0,0,2025-12-04T18:02:09.899Z
1104,119.6,0,0,2025-12-04T18:02:15.440Z
1105,115.54,0,0,2025-12-04T18:02:21.071Z
1106,116.42,0,0,2025-12-04T18:02:26.560Z
1107,118.9,0,0,2025-12-04T18:02:32.131Z
1108,118.94,0,0,2025-12-04T18:02:37.630Z
1109,117.45,0,0,2025-12-04T18:02:43.190Z
1110,115.76,0,0,2025-12-04T18:02:48.717Z
1111,118.5,0,0,2025-12-04T18:02:54.250Z
1112,121.77,0,0,2025-12-04T18:02:59.882Z
1113,119.43,0,0,2025-12-04T18:03:05.382Z
1114,116.53,0,0,2025-12-04T18:03:10.944Z
1115,124.16,0,0,2025-12-04T18:03:16.463Z
1116,116.8,0,0,2025-12-04T18:03:22.132Z
1117,119.47,0,0,2025-12-04T18:03:27.728Z
1118,121.83,0,0,2025-12-04T18:03:33.369Z
1119,117.88,0,0,2025-12-04T18:03:38.993Z
1120,120.41,0,0,2025-12-04T18:03:44.521Z
1121,121.13,0,0,2025-12-04T18:03:50.051Z
1122,124.21,0,0,2025-12-04T18:03:55.683Z
1123,121.06,0,0,2025-12-04T18:04:01.213Z
1124,119.55,0,0,2025-12-04T18:04:06.845Z
1125,124.42,0,0,2025-12-04T18:04:12.499Z
1126,115.24,0,0,2025-12-04T18:04:18.021Z
1127,120.89,0,0,2025-12-04T18:04:23.651Z
1128,116.21,0,0,2025-12-04T18:04:29.154Z
1129,124.55,0,0,2025-12-04T18:04:34.651Z
1130,119.87,0,0,2025-12-04T18:04:40.267Z
1131,119.45,0,0,2025-12-04T18:04:45.870Z
1132,124.95,0,0,2025-12-04T18:04:51.373Z
1133,120.32,0,0,2025-12-04T18:04:56.930Z
1134,115.95,0,0,2025-12-04T18:05:02.471Z
1135,124.04,0,0,2025-12-04T18:05:07.989Z
1136,116.99,0,0,2025-12-04T18:05:13.485Z
1137,119.14,0,0,2025-12-04T18:05:18.982Z
1138,116.82,0,0,2025-12-04T18:05:24.580Z
1139,123.1,0,0,2025-12-04T18:05:30.107Z
1140,118.27,0,0,2025-12-04T18:05:35.842Z
1141,116.71,0,0,2025-12-04T18:05:41.378Z
1142,120.8,0,0,2025-12-04T18:05:47.023Z
1143,121.6,0,0,2025-12-04T18:05:52.636Z
1144,120.83,0,0,2025-12-04T18:05:58.146Z
1145,118.1,0,0,2025-12-04T18:06:03.708Z
1146,121.6,0,0,2025-12-04T18:06:09.210Z
1147,118.86,0,0,2025-12-04T18:06:14.755Z
1148,116.38,0,0,2025-12-04T18:06:20.400Z
1149,117.8,0,0,2025-12-04T18:06:45.435Z
1150,118.46,0,0,2025-12-04T18:06:45.436Z
1151,115.7,0,0,2025-12-04T18:06:46.814Z
1152,123.55,0,0,2025-12-04T18:06:52.354Z
1153,119.21,0,0,2025-12-04T18:06:57.968Z
1154,116.97,0,0,2025-12-04T18:07:03.565Z
1155,121.46,0,0,2025-12-04T18:07:09.135Z
1156,123.87,0,0,2025-12-04T18:07:14.633Z
1157,120.07,0,0,2025-12-04T18:07:20.227Z
1158,121.34,0,0,2025-12-04T18:07:25.724Z
1159,124.39,0,0,2025-12-04T18:07:31.254Z
1160,116.59,0,0,2025-12-04T18:07:36.783Z
1161,116.15,0,0,2025-12-04T18:07:42.333Z
1162,122.33,0,0,2025-12-04T18:07:47.827Z
1163,119.45,0,0,2025-12-04T18:07:53.321Z
1164,124.34,0,0,2025-12-04T18:07:59.004Z
1165,123.74,0,0,2025-12-04T18:08:04.503Z
1166,120.11,0,0,2025-12-04T18:08:10.064Z
1167,120.28,0,0,2025-12-04T18:08:15.547Z
1168,123.01,0,0,2025-12-04T18:08:21.124Z
1169,122.11,0,0,2025-12-04T18:08:26.653Z
1170,118.01,0,0,2025-12-04T18:08:32.186Z
1171,118.92,0,0,2025-12-04T18:08:37.814Z
1172,119.8,0,0,2025-12-04T18:08:43.449Z
1173,121.58,0,0,2025-12-04T18:08:48.946Z
1174,117.94,0,0,2025-12-04T18:08:54.507Z
1175,118.2,0,0,2025-12-04T18:09:00.169Z
1176,115.26,0,0,2025-12-04T18:09:05.672Z
1177,118.7,0,0,2025-12-04T18:09:11.228Z
1178,124.27,0,0,2025-12-04T18:09:16.829Z
1179,123.3,0,0,2025-12-04T18:09:22.360Z
1180,119.01,0,0,2025-12-04T18:09:27.980Z
1181,116.56,0,0,2025-12-04T18:09:33.508Z
1182,124.16,0,0,2025-12-04T18:09:39.146Z
1183,116.49,0,0,2025-12-04T18:09:44.672Z
1184,118.74,0,0,2025-12-04T18:09:50.192Z
1185,121.58,0,0,2025-12-04T18:09:55.732Z
1186,122.05,0,0,2025-12-04T18:10:01.235Z
1187,117.81,0,0,2025-12-04T18:10:06.736Z
1188,121.12,0,0,2025-12-04T18:10:12.266Z
1189,121.4,0,0,2025-12-04T18:10:17.766Z
1190,118.63,0,0,2025-12-04T18:10:23.498Z
1191,121.87,0,0,2025-12-04T18:10:29.130Z
1192,122.62,0,0,2025-12-04T18:10:34.671Z
1193,116.93,0,0,2025-12-04T18:10:40.174Z
1194,116.5,0,0,2025-12-04T18:10:45.710Z
1195,122.72,0,0,2025-12-04T18:10:51.269Z
1196,121.6,0,0,2025-12-04T18:11:09.983Z
1197,119.08,0,0,2025-12-04T18:11:15.513Z
1198,117.71,0,0,2025-12-04T18:11:21.145Z
1199,119.17,0,0,2025-12-04T18:11:26.674Z
1200,120.38,0,0,2025-12-04T18:11:32.165Z
1201,117.79,0,0,2025-12-04T18:11:37.663Z
1202,119.67,0,0,2025-12-04T18:11:43.173Z
1203,121.27,0,0,2025-12-04T18:11:48.686Z
1204,117.33,0,0,2025-12-04T18:11:54.219Z
1205,119.45,0,0,2025-12-04T18:11:59.848Z
1206,116.11,0,0,2025-12-04T18:12:05.380Z
1207,124.99,0,0,2025-12-04T18:12:10.892Z
1208,120.25,0,0,2025-12-04T18:12:16.398Z
1209,116.4,0,0,2025-12-04T18:12:21.894Z
1210,123.89,0,0,2025-12-04T18:12:27.391Z
1211,121.23,0,0,2025-12-04T18:12:32.885Z
1212,115.52,0,0,2025-12-04T18:12:38.380Z
1213,121.27,0,0,2025-12-04T18:12:44.085Z
1214,121.64,0,0,2025-12-04T18:12:49.616Z
1215,117.87,0,0,2025-12-04T18:12:55.145Z
1216,120.01,0,0,2025-12-04T18:13:00.685Z
1217,121.54,0,0,2025-12-04T18:19:32.368Z
1218,116.47,0,0,2025-12-04T18:19:37.908Z
1219,115.31,0,0,2025-12-04T18:19:43.432Z
1220,116.24,0,0,2025-12-04T18:19:48.928Z
1221,121.31,0,0,2025-12-04T18:19:54.424Z
1222,123.92,0,0,2025-12-04T18:20:00.013Z
1223,118.26,0,0,2025-12-04T18:20:05.500Z
1224,119.83,0,0,2025-12-04T18:20:10.989Z
